driverId,name,ssn,location,certified,wage-plan
10,Heather Miller,442-20-9382,"03227 Gregory Junctions
Richardsonmouth, MP 86690",N,miles
11,Keith Pierce,606-77-0910,"44161 Michael Track
South Michael, OH 44410",Y,hours
12,Julie Andrews,836-21-3064,"USCGC Nelson
FPO AA 34683",N,miles
13,Rodney Green,262-27-9850,"072 Jessica Bridge Suite 362
Claytonfort, MP 24663",N,miles
14,Walter Miller,822-89-9096,"457 Angela Lodge Apt. 074
New Matthewmouth, KS 38017",Y,miles
15,Janice Craig,461-17-5505,"314 White Forges
Tannerstad, KS 96088",Y,hours
16,James Erickson,453-29-3784,"9019 Santiago Station Apt. 144
Fowlertown, WA 69734",N,miles
17,Madison Reyes,229-72-0435,"6086 Hancock Crest
Danielleberg, MA 32397",Y,hours
18,Brent Johnson,857-06-9237,"648 Gonzalez Inlet Suite 952
Joshualand, LA 44791",Y,miles
19,Edward West,494-61-8311,"40667 Jason Crossroad
Martinezville, ND 67040",Y,hours
20,Erin Brown,417-09-8345,"4881 Dakota Park Apt. 139
Andrewfort, DE 34524",Y,miles
21,Lisa Reid,613-31-9402,"392 Kemp Club
Bowenside, CT 79222",Y,miles
22,Jennifer Mathis,776-29-6167,"742 Walter Groves
Rosalesland, NC 67025",N,hours
23,Jennifer Horton,806-17-6901,"PSC 6732, Box 8210
APO AP 21077",N,miles
24,Haley Campbell,719-14-6801,"6414 Tapia Turnpike Suite 813
Johnnyport, GU 50662",Y,miles
25,Samantha Brown,114-41-7839,"04170 Karen Springs Suite 965
Nicholston, CA 77971",N,miles
26,Daniel Swanson,599-77-4057,"736 Jessica Plaza Apt. 798
Pamelaside, DC 31848",Y,miles
27,Heidi Sullivan,497-87-4386,"99555 Reed Port
Morrisonton, MT 63068",Y,hours
28,Jimmy Thomas,793-80-4319,"27241 Ramirez Square
West Robin, UT 77981",N,miles
29,Tyler Nguyen,167-81-4000,"84343 Roberto Divide Suite 945
Port Sandramouth, ME 83309",Y,miles
30,Michelle Cole,874-28-6296,"79846 Justin Crossroad Apt. 691
Joshuabury, DE 17248",N,miles
31,Richard Wilson,507-52-8738,"Unit 8501 Box 7101
DPO AA 59334",N,hours
32,James Hill,283-57-5593,"225 Odonnell Expressway
West Laurenview, WA 09392",N,hours
33,Mrs. Kimberly Martin,106-84-9688,"6660 Jeffrey Groves
Hobbsland, CO 93462",Y,hours
34,Charles Mitchell,864-99-4835,"58099 James Pine
Garyview, NV 05478",Y,miles
35,Seth Fuller,723-50-2066,"892 Hernandez Glens Suite 215
Mendozafort, FL 89321",Y,hours
36,Mr. Michael Padilla MD,645-38-0374,"096 Davis Spur Apt. 084
Lake Ryan, OR 27955",N,miles
37,Brandi Webb,279-82-2668,"078 Lori Heights
Meyersborough, OH 19445",N,hours
38,Randall Scott,286-33-0352,"76429 Ronnie Plains Suite 821
Lake Daniel, WI 44871",Y,hours
39,Pamela Doyle,757-69-6578,"3630 Jones Mill
North Jenniferhaven, WV 72768",N,miles
40,Cody Conley,710-98-8502,"Unit 6842 Box 5910
DPO AE 67513",Y,hours
41,Daniel Adams DVM,487-64-4560,"22962 Andrew Fords Suite 768
New Beverly, WI 68591",Y,miles
42,Philip Church,874-88-7477,"280 Kemp Court Suite 237
New Dennismouth, AZ 79676",N,hours
43,Monica Clark,342-62-7516,"Unit 4717 Box 0126
DPO AA 90526",N,miles
44,Gabrielle Lang,812-08-5696,"30957 Shane Springs Suite 576
South James, NJ 56650",N,hours
45,Timothy Chen,781-33-7271,"3949 Harvey Underpass
Rodgersborough, MT 96833",N,hours
46,Monica Henderson,511-54-9148,"7456 Jessica Lock
Darrenburgh, MN 15064",N,hours
47,Christopher Peterson,670-12-9164,"12403 Valerie Key
Adamshaven, AS 38122",N,miles
48,Connie Roman,865-52-4739,"78568 Joshua Knoll Suite 206
Port Kevin, HI 27685",N,hours
49,Michael Harper,064-60-9689,"USS Adkins
FPO AA 32828",N,miles
50,Ashley Morales,750-74-7057,"67821 Johnny Lights Apt. 127
Gambleshire, MA 19570",Y,hours
51,Steven Byrd,306-44-9437,"12587 Ronald Manors
East Isaac, KY 90638",N,hours
52,Timothy Crawford,461-90-7447,"86738 Thomas Viaduct
Jacquelinemouth, KS 72021",N,miles
53,Darren Austin,463-20-1554,"084 Johnson Cape
Nelsonburgh, IA 43967",N,miles
54,Charles White,650-56-4029,"118 Perez Mountains Suite 098
Smithshire, AR 02414",N,hours
55,Kelsey Fisher,482-31-6705,"015 Jonathan Park Suite 601
Sherimouth, WV 70921",N,miles
56,Heidi Mueller,545-44-9621,"1771 Hoover Landing
Hudsonchester, RI 21705",N,hours
57,Steve Snow,386-40-0845,"5456 Felicia Brook Suite 594
Andreachester, OK 60091",N,hours
58,Cameron Jones,782-49-8290,"8220 Martin Island Suite 651
West Davidberg, NE 50800",Y,hours
59,Melissa Martinez,233-42-5472,"1020 Hicks Mountains Apt. 743
Dianahaven, WY 15592",Y,miles
60,Austin Gross,152-88-7602,"PSC 9976, Box 4990
APO AA 36218",N,hours
61,Kimberly Jones,147-70-8500,"43583 Anderson Brook
East Sherri, NC 86501",N,miles
62,Julia Gilbert,611-94-5605,"221 Farrell Forks
Michaelchester, FL 30054",Y,miles
63,Brooke Smith,605-36-0936,"Unit 5358 Box 3011
DPO AE 77400",Y,hours
64,Kathleen Carlson,358-21-7955,"41758 Valenzuela Unions Apt. 302
West Jessica, MP 58293",N,hours
65,Sandra Cooper,226-14-5912,"5663 Samuel Trail
Saraland, OR 22630",Y,miles
66,Bonnie Smith,386-88-6182,"50665 Elizabeth Shoals
Sandovalberg, CO 24453",N,hours
67,Jennifer Nelson,885-12-1127,"37111 Walters Turnpike Apt. 421
Larsontown, ME 81429",N,miles
68,Bradley Wilkinson,188-32-0199,"451 Brooks Ports Apt. 619
North Timothy, MS 90429",N,miles
69,Julie Rodriguez,360-67-2374,"PSC 0554, Box 9608
APO AA 93437",Y,miles
70,Derek Hill,618-65-1790,"65457 Sharon Well Suite 039
East Theresabury, NV 31382",Y,miles
71,Bridget Jones,864-16-5048,"265 Gabriela Ports Apt. 496
Jennifermouth, FL 77098",N,miles
72,Heather Fischer,122-80-4238,"Unit 9016 Box 2312
DPO AE 02234",Y,miles
73,Amber Thomas,317-17-2422,"8702 Parker Isle
Julieport, ND 51817",Y,miles
74,Robert Gill,787-27-8645,"179 Brandon Cape Apt. 071
West Kevin, UT 17454",N,hours
75,Paul Anderson,848-36-7675,"20506 Villarreal Meadow Apt. 515
Robertland, SD 12033",N,miles
76,Trevor Thompson,380-62-3087,"USNV Kline
FPO AE 10881",Y,hours
77,Thomas Powell,195-97-4650,"6065 Decker Square Suite 497
West Monica, MA 90762",N,miles
78,Diana Johnson,273-20-1139,"7571 Roberts Trafficway
East Dylanside, PA 42709",N,miles
79,Ethan Obrien,672-58-5161,"07698 Herrera Stravenue Apt. 099
New Frank, NY 62834",Y,miles
80,Stephanie Carlson,403-69-5390,"4938 Carlos Pine
West Allen, FL 24447",N,miles
81,Lisa Rios,128-33-7293,"65209 Johnson Islands
South Jared, SC 04600",N,hours
82,Tony Ochoa,052-17-4893,"17942 Reid Pines Apt. 794
Cummingsburgh, CO 40546",Y,miles
83,Steven Jones,756-05-3084,"7677 David Cliff
Aaronland, NV 27556",Y,miles
84,William Harris,889-91-5523,"138 Bryan Radial Apt. 284
North Tammy, RI 54711",N,miles
85,Vanessa Lee,335-97-6169,"30796 William Club Apt. 711
Port Jillton, LA 98081",N,hours
86,Jessica Bridges,393-56-7597,"0227 Elizabeth Stream Suite 260
East Benjamin, IN 90797",Y,miles
87,William Branch,650-28-7225,"43946 Brenda Crossing Apt. 843
South Jerry, FL 18212",Y,miles
88,Kimberly Smith,608-69-9670,"50623 Ramsey Brook Apt. 308
Port Misty, FM 07711",N,miles
89,Andrea Jones,772-06-3665,"PSC 4511, Box 3036
APO AA 03337",N,miles
90,Mary Woodard,532-13-6180,"277 Schneider Village
North Brian, PA 09751",Y,hours
91,Mr. Isaac Alvarez,726-48-3393,"4306 Burke Freeway
Port Jaime, WA 47295",Y,miles
92,Mary Mullins,106-92-5082,"3522 Dawn Wells
South Chelseyfort, ME 67831",Y,hours
93,Logan Durham,104-56-9746,"799 Carroll Fords
West Christytown, IN 56524",Y,miles
94,Carol Reynolds,657-19-0709,"0322 Garcia Trafficway Suite 848
New Jesseside, IL 50317",N,hours
95,Thomas Brown,449-66-5678,"7951 Garcia Causeway Apt. 091
Lake David, HI 87768",N,miles
96,James Young,268-69-6789,"315 Allison Plains Apt. 550
North Richardberg, RI 79434",Y,miles
97,Melissa Gomez,053-97-1901,"0908 Brian Glen Suite 787
Larsonchester, MP 63712",Y,hours
98,Mark Chavez,040-41-9700,"854 Williams Keys
Port Tina, AS 95952",Y,hours
99,Austin Cooper,290-38-7954,"7114 Cordova Knolls
Lake Donna, PA 02326",N,hours
100,Mary Duncan,587-60-3810,"800 Gomez Isle
Ianport, OH 03399",Y,hours
101,Samantha Lewis,803-33-6020,"343 Angel Ports Suite 579
Barbarabury, AZ 72046",N,hours
102,Rebekah Cunningham,196-11-4053,"Unit 4619 Box 8258
DPO AA 98574",N,miles
103,John Montgomery,133-36-0649,"27806 Darrell Crest
South Michaelburgh, GU 99638",Y,hours
104,John Carr,400-68-9032,"97132 Brett Pass Apt. 954
North Jerry, IA 92023",N,hours
105,Maria Spence,491-88-5023,"8209 Evans Garden
New Bruce, DE 12222",Y,miles
106,Robert Perez,829-63-3820,"529 Dakota Mews
Atkinsburgh, PR 88118",N,miles
107,Jerry Ferguson,588-61-4467,"0003 Craig Valleys Suite 259
Edgarport, NJ 16171",N,miles
108,Jonathon Clark Jr.,160-11-4561,"7825 Jared Station Apt. 082
Mooneyland, NM 85680",Y,miles
109,Jose Ayala,179-75-5429,"412 Hughes Common Apt. 676
Port Rebecca, OR 36060",N,miles
